"county_names","week_end","pcr_target","wval_county_wk","wval_county_wk_level"
15001,2022-06-18,"sars-cov-2",16.0138795903082,"Very High"
15001,2022-06-25,"sars-cov-2",10.5437607679147,"Very High"
15001,2022-07-02,"sars-cov-2",15.6374535083306,"Very High"
15001,2022-07-09,"sars-cov-2",18.3299914286237,"Very High"
15001,2022-07-16,"sars-cov-2",14.0111185677042,"Very High"
15001,2022-07-23,"sars-cov-2",31.1619620330225,"Very High"
15001,2022-07-30,"sars-cov-2",15.9668917417722,"Very High"
15001,2022-08-06,"sars-cov-2",12.2416212350319,"Very High"
15001,2022-08-13,"sars-cov-2",5.72112829190263,"High"
15001,2022-08-20,"sars-cov-2",10.0887081781435,"Very High"
15001,2022-08-27,"sars-cov-2",3.49900845865598,"Moderate"
15001,2022-09-03,"sars-cov-2",5.03372480256865,"Moderate"
15001,2022-09-10,"sars-cov-2",4.46247228462259,"Moderate"
15001,2022-09-17,"sars-cov-2",1.24770395864757,"Very Low"
15001,2022-10-01,"sars-cov-2",3.41935689707725,"Moderate"
15001,2022-10-08,"sars-cov-2",2.3362218292494,"Low"
15001,2022-10-15,"sars-cov-2",0.888855645135115,"Very Low"
15001,2022-10-22,"sars-cov-2",3.84583502480988,"Moderate"
15001,2022-10-29,"sars-cov-2",5.56749723066191,"High"
15001,2022-11-05,"sars-cov-2",4.3446429761241,"Moderate"
15001,2022-11-12,"sars-cov-2",1.49337962360548,"Very Low"
15001,2022-11-19,"sars-cov-2",2.94901585902877,"Low"
15001,2022-11-26,"sars-cov-2",2.09772453539522,"Low"
15001,2022-12-03,"sars-cov-2",1.9179945175722,"Very Low"
15001,2022-12-10,"sars-cov-2",6.20906713869899,"High"
15001,2022-12-17,"sars-cov-2",3.47299872860618,"Moderate"
15001,2022-12-24,"sars-cov-2",11.3391113229213,"Very High"
15001,2022-12-31,"sars-cov-2",11.2234353303382,"Very High"
15001,2023-01-07,"sars-cov-2",7.71883565738507,"High"
15001,2023-01-14,"sars-cov-2",3.25441401876669,"Low"
15001,2023-01-21,"sars-cov-2",4.88391916563926,"Moderate"
15001,2023-01-28,"sars-cov-2",5.26671238024671,"Moderate"
15001,2023-02-04,"sars-cov-2",5.50087920358121,"High"
15001,2023-02-11,"sars-cov-2",3.18550646231433,"Low"
15001,2023-02-18,"sars-cov-2",1.47718302254652,"Very Low"
15001,2023-02-25,"sars-cov-2",5.12220724152523,"Moderate"
15001,2023-03-04,"sars-cov-2",2.86646827408028,"Low"
15001,2023-03-11,"sars-cov-2",1.25474283960506,"Very Low"
15001,2023-03-18,"sars-cov-2",2.28077464849203,"Low"
15001,2023-03-25,"sars-cov-2",6.96403637935136,"High"
15001,2023-04-01,"sars-cov-2",1.88266898916621,"Very Low"
15001,2023-04-08,"sars-cov-2",1.97384372083831,"Very Low"
15001,2023-04-15,"sars-cov-2",2.18543652715839,"Low"
15001,2023-04-22,"sars-cov-2",1.32903808382517,"Very Low"
15001,2023-04-29,"sars-cov-2",1.19609683084968,"Very Low"
15001,2023-05-06,"sars-cov-2",2.23348725659129,"Low"
15001,2023-05-13,"sars-cov-2",0.882543718037579,"Very Low"
15001,2023-05-20,"sars-cov-2",1.6839919072449,"Very Low"
15001,2023-05-27,"sars-cov-2",1.57991379344251,"Very Low"
15001,2023-06-03,"sars-cov-2",1.41933248312526,"Very Low"
15001,2023-06-10,"sars-cov-2",2.69886038007848,"Low"
15001,2023-06-17,"sars-cov-2",2.89764787080666,"Low"
15001,2023-06-24,"sars-cov-2",8.4528567571294,"Very High"
15001,2023-11-25,"sars-cov-2",6.6437979297502,"High"
15001,2023-12-02,"sars-cov-2",7.6606109775909,"High"
15001,2023-12-09,"sars-cov-2",6.76000615774959,"High"
15001,2023-12-16,"sars-cov-2",8.30838921235427,"Very High"
15001,2023-12-23,"sars-cov-2",8.75523441396439,"Very High"
15001,2023-12-30,"sars-cov-2",13.2112148800835,"Very High"
15001,2024-01-06,"sars-cov-2",11.4906040733402,"Very High"
15001,2024-01-13,"sars-cov-2",11.6598504281768,"Very High"
15001,2024-01-20,"sars-cov-2",7.28118023544712,"High"
15001,2024-01-27,"sars-cov-2",13.1416993526064,"Very High"
15001,2024-02-03,"sars-cov-2",12.5268731690411,"Very High"
15001,2024-02-10,"sars-cov-2",11.5889560377618,"Very High"
15001,2024-02-17,"sars-cov-2",13.9694685280093,"Very High"
15001,2024-02-24,"sars-cov-2",8.86349300990017,"Very High"
15001,2024-03-02,"sars-cov-2",13.1428120416903,"Very High"
15001,2024-03-09,"sars-cov-2",3.63778419052562,"Moderate"
15001,2024-03-16,"sars-cov-2",2.09117929415306,"Low"
15001,2024-03-23,"sars-cov-2",5.05037936686901,"Moderate"
15001,2024-03-30,"sars-cov-2",2.45751265559401,"Low"
15001,2024-04-06,"sars-cov-2",2.64140886927529,"Low"
15001,2024-04-13,"sars-cov-2",3.47393241868805,"Moderate"
15001,2024-04-20,"sars-cov-2",5.32365682243803,"High"
15001,2024-04-27,"sars-cov-2",6.82378771615332,"High"
15001,2024-05-04,"sars-cov-2",10.3276499279915,"Very High"
15001,2024-06-01,"sars-cov-2",26.8207186790524,"Very High"
15001,2024-06-08,"sars-cov-2",21.4155679733835,"Very High"
15001,2024-06-15,"sars-cov-2",25.0900660387645,"Very High"
15001,2024-06-22,"sars-cov-2",18.7782845344155,"Very High"
15001,2024-06-29,"sars-cov-2",23.3502580398802,"Very High"
15001,2024-07-06,"sars-cov-2",22.6348885093238,"Very High"
15001,2024-07-13,"sars-cov-2",18.1832208921499,"Very High"
15001,2024-07-20,"sars-cov-2",20.6105062563794,"Very High"
15001,2024-07-27,"sars-cov-2",29.7132988295621,"Very High"
15001,2024-08-03,"sars-cov-2",20.5060889024172,"Very High"
15001,2024-08-10,"sars-cov-2",33.8089106819496,"Very High"
15001,2024-08-17,"sars-cov-2",13.2502880957927,"Very High"
15001,2024-08-24,"sars-cov-2",16.5009802486108,"Very High"
15001,2024-08-31,"sars-cov-2",14.6837348969321,"Very High"
15001,2024-09-07,"sars-cov-2",10.3524912794747,"Very High"
15001,2024-09-14,"sars-cov-2",11.6388723046416,"Very High"
15001,2024-09-21,"sars-cov-2",6.85378417594089,"High"
15001,2024-09-28,"sars-cov-2",6.76685452246713,"High"
15001,2024-10-05,"sars-cov-2",4.78975241708417,"Moderate"
15001,2024-10-12,"sars-cov-2",4.11705474465047,"Moderate"
15001,2024-10-19,"sars-cov-2",7.19642473546161,"High"
15001,2024-10-26,"sars-cov-2",5.86266992776771,"High"
15001,2024-11-02,"sars-cov-2",4.08148316164485,"Moderate"
15001,2024-11-09,"sars-cov-2",7.7799469581398,"High"
15001,2024-11-16,"sars-cov-2",5.57559173241791,"High"
15001,2024-11-23,"sars-cov-2",3.33394839687397,"Low"
15001,2024-11-30,"sars-cov-2",1.9522997955294,"Very Low"
15001,2024-12-07,"sars-cov-2",3.47346618317672,"Moderate"
15001,2024-12-14,"sars-cov-2",4.21910608127063,"Moderate"
15001,2024-12-21,"sars-cov-2",3.89127269230323,"Moderate"
15001,2024-12-28,"sars-cov-2",3.02454930204868,"Low"
15001,2025-01-04,"sars-cov-2",10.571438996853,"Very High"
15001,2025-01-11,"sars-cov-2",4.96289030338256,"Moderate"
15001,2025-01-18,"sars-cov-2",1.36469705816367,"Very Low"
15001,2025-01-25,"sars-cov-2",4.61964472217783,"Moderate"
15001,2025-02-01,"sars-cov-2",6.6001849054394,"High"
15001,2025-02-08,"sars-cov-2",6.04297631194282,"High"
15001,2025-02-15,"sars-cov-2",3.48993388468029,"Moderate"
15001,2025-02-22,"sars-cov-2",3.29045131536382,"Low"
15001,2025-03-01,"sars-cov-2",3.32021201614,"Low"
15001,2025-03-08,"sars-cov-2",2.19261613304314,"Low"
15001,2025-03-15,"sars-cov-2",4.70167753504786,"Moderate"
15001,2025-03-22,"sars-cov-2",4.1039833370473,"Moderate"
15001,2025-03-29,"sars-cov-2",2.75113906099553,"Low"
15001,2025-04-05,"sars-cov-2",2.98399208417948,"Low"
15001,2025-04-12,"sars-cov-2",10.4362405288489,"Very High"
15001,2025-04-19,"sars-cov-2",15.9521463895443,"Very High"
15001,2025-04-26,"sars-cov-2",13.4152408383664,"Very High"
15001,2025-05-03,"sars-cov-2",3.46411962669222,"Moderate"
15001,2025-05-10,"sars-cov-2",6.9258992233607,"High"
15001,2025-05-17,"sars-cov-2",6.48615718821883,"High"
15001,2025-05-24,"sars-cov-2",4.87346310951193,"Moderate"
15001,2025-05-31,"sars-cov-2",2.79972020984404,"Low"
15001,2025-06-07,"sars-cov-2",4.63302194561365,"Moderate"
15001,2025-06-14,"sars-cov-2",6.22283263990438,"High"
15001,2025-06-21,"sars-cov-2",17.5626130963198,"Very High"
15001,2025-06-28,"sars-cov-2",7.96960347878997,"Very High"
15001,2025-07-05,"sars-cov-2",5.08720182206841,"Moderate"
15001,2025-07-12,"sars-cov-2",7.22559586367579,"High"
15001,2025-07-19,"sars-cov-2",10.0083370774624,"Very High"
15001,2025-07-26,"sars-cov-2",9.5660196195277,"Very High"
15001,2025-08-02,"sars-cov-2",19.1360113379538,"Very High"
15001,2025-08-09,"sars-cov-2",14.3921919088235,"Very High"
15001,2025-08-16,"sars-cov-2",13.0696504069549,"Very High"
15001,2025-08-23,"sars-cov-2",15.9048294439457,"Very High"
15001,2025-08-30,"sars-cov-2",15.3789228786637,"Very High"
15001,2025-09-06,"sars-cov-2",12.4124302942289,"Very High"
15001,2025-09-13,"sars-cov-2",13.2630827343118,"Very High"
15001,2025-09-20,"sars-cov-2",9.87886488165605,"Very High"
15001,2025-09-27,"sars-cov-2",9.43496815234744,"Very High"
15001,2025-10-04,"sars-cov-2",6.5564604143837,"High"
15001,2025-10-11,"sars-cov-2",2.90321203531273,"Low"
15001,2025-10-18,"sars-cov-2",2.7015530959923,"Low"
15001,2025-10-25,"sars-cov-2",2.18646856910409,"Low"
15001,2025-11-01,"sars-cov-2",4.3280780934229,"Moderate"
15001,2025-11-08,"sars-cov-2",4.79904945664776,"Moderate"
15001,2025-11-15,"sars-cov-2",2.4761503444933,"Low"
15001,2025-11-22,"sars-cov-2",2.02461642941356,"Low"
15001,2025-11-29,"sars-cov-2",1.69135280193908,"Very Low"
15001,2025-12-06,"sars-cov-2",2.35804575656743,"Low"
15001,2025-12-13,"sars-cov-2",1.89862236990147,"Very Low"
15001,2025-12-20,"sars-cov-2",1,"Very Low"
15001,2025-12-27,"sars-cov-2",1,"Very Low"
15001,2026-01-03,"sars-cov-2",2.35965225216143,"Low"
15001,2026-01-10,"sars-cov-2",1,"Very Low"
15001,2026-01-17,"sars-cov-2",1,"Very Low"
15001,2026-01-24,"sars-cov-2",1.40516707376994,"Very Low"
15001,2026-01-31,"sars-cov-2",1.46201340792859,"Very Low"
15001,2026-02-07,"sars-cov-2",1,"Very Low"
15001,2026-02-14,"sars-cov-2",3.63654535439565,"Moderate"
15001,2026-02-21,"sars-cov-2",5.32662299075935,"High"
15001,2026-02-28,"sars-cov-2",1,"Very Low"
15001,2026-03-07,"sars-cov-2",4.05134557819306,"Moderate"
15001,2026-03-14,"sars-cov-2",1.37437004794679,"Very Low"
15001,2026-03-21,"sars-cov-2",1.79437294056182,"Very Low"
15001,2026-03-28,"sars-cov-2",1,"Very Low"
15001,2026-04-04,"sars-cov-2",1,"Very Low"
15001,2026-04-11,"sars-cov-2",2.22410735785416,"Low"
15001,2026-04-18,"sars-cov-2",2.64993356771695,"Low"
15003,2022-06-11,"sars-cov-2",35.9353736403073,"Very High"
15003,2022-06-18,"sars-cov-2",16.6052659439352,"Very High"
15003,2022-06-25,"sars-cov-2",13.2732360218744,"Very High"
15003,2022-07-02,"sars-cov-2",13.1615194620312,"Very High"
15003,2022-07-09,"sars-cov-2",13.6408401471642,"Very High"
15003,2022-07-16,"sars-cov-2",12.2875366949064,"Very High"
15003,2022-07-23,"sars-cov-2",11.8204526734512,"Very High"
15003,2022-07-30,"sars-cov-2",6.87164324021526,"High"
15003,2022-08-06,"sars-cov-2",5.90729997209064,"High"
15003,2022-08-13,"sars-cov-2",6.8558363542201,"High"
15003,2022-08-20,"sars-cov-2",3.56397436671325,"Moderate"
15003,2022-08-27,"sars-cov-2",4.9401093921806,"Moderate"
15003,2022-09-03,"sars-cov-2",2.57242380141678,"Low"
15003,2022-09-10,"sars-cov-2",2.37186683885604,"Low"
15003,2022-09-17,"sars-cov-2",1.85821175212509,"Very Low"
15003,2022-10-01,"sars-cov-2",3.5855860436751,"Moderate"
15003,2022-10-08,"sars-cov-2",1.55984203533201,"Very Low"
15003,2022-10-15,"sars-cov-2",3.67885759448359,"Moderate"
15003,2022-10-22,"sars-cov-2",2.98021334683764,"Low"
15003,2022-10-29,"sars-cov-2",2.96319297510509,"Low"
15003,2022-11-05,"sars-cov-2",2.91718627095924,"Low"
15003,2022-11-12,"sars-cov-2",1.86515193254003,"Very Low"
15003,2022-11-19,"sars-cov-2",2.33811046384184,"Low"
15003,2022-11-26,"sars-cov-2",1.66571364880555,"Very Low"
15003,2022-12-03,"sars-cov-2",2.41366293663151,"Low"
15003,2022-12-10,"sars-cov-2",4.06647580906002,"Moderate"
15003,2022-12-17,"sars-cov-2",4.32602779084646,"Moderate"
15003,2022-12-24,"sars-cov-2",6.16833563503945,"High"
15003,2022-12-31,"sars-cov-2",3.95705583580954,"Moderate"
15003,2023-01-07,"sars-cov-2",4.07135841155032,"Moderate"
15003,2023-01-14,"sars-cov-2",5.65087679215224,"High"
15003,2023-01-21,"sars-cov-2",2.91973276601118,"Low"
15003,2023-01-28,"sars-cov-2",2.68335712517186,"Low"
15003,2023-02-04,"sars-cov-2",1.91879167212513,"Very Low"
15003,2023-02-11,"sars-cov-2",1.59030722635523,"Very Low"
15003,2023-02-18,"sars-cov-2",1.10175811641828,"Very Low"
15003,2023-02-25,"sars-cov-2",1.16760614337205,"Very Low"
15003,2023-03-04,"sars-cov-2",0.976675462031862,"Very Low"
15003,2023-03-11,"sars-cov-2",0.790252758426648,"Very Low"
15003,2023-03-18,"sars-cov-2",2.10244469914105,"Low"
15003,2023-03-25,"sars-cov-2",3.14929939031527,"Low"
15003,2023-04-01,"sars-cov-2",2.77759677129907,"Low"
15003,2023-04-08,"sars-cov-2",2.59576040603548,"Low"
15003,2023-04-15,"sars-cov-2",3.04866346053182,"Low"
15003,2023-04-22,"sars-cov-2",2.20841441422137,"Low"
15003,2023-04-29,"sars-cov-2",1.07165152085173,"Very Low"
15003,2023-05-06,"sars-cov-2",1.6023115842038,"Very Low"
15003,2023-05-13,"sars-cov-2",1.46603610377047,"Very Low"
15003,2023-05-20,"sars-cov-2",1.19866286968824,"Very Low"
15003,2023-05-27,"sars-cov-2",1.1184178265685,"Very Low"
15003,2023-06-03,"sars-cov-2",1.14090121874188,"Very Low"
15003,2023-06-10,"sars-cov-2",2.08781149026015,"Low"
15003,2023-06-17,"sars-cov-2",0.768850986091463,"Very Low"
15003,2023-06-24,"sars-cov-2",1.38225400735224,"Very Low"
15003,2024-02-17,"sars-cov-2",9.77325727910499,"Very High"
15003,2024-02-24,"sars-cov-2",10.889251581981,"Very High"
15003,2024-03-02,"sars-cov-2",7.17815377145317,"High"
15003,2024-03-09,"sars-cov-2",6.39737068137056,"High"
15003,2024-03-16,"sars-cov-2",6.15947290925064,"High"
15003,2024-03-23,"sars-cov-2",5.20520660972615,"Moderate"
15003,2024-03-30,"sars-cov-2",4.14859180151899,"Moderate"
15003,2024-04-06,"sars-cov-2",4.64893432450416,"Moderate"
15003,2024-04-13,"sars-cov-2",4.12195389644578,"Moderate"
15003,2024-04-20,"sars-cov-2",4.12706426816693,"Moderate"
15003,2024-04-27,"sars-cov-2",6.77503420670594,"High"
15003,2024-05-04,"sars-cov-2",5.15027546648814,"Moderate"
15003,2024-05-11,"sars-cov-2",11.4556958313576,"Very High"
15003,2024-05-18,"sars-cov-2",10.0606323248277,"Very High"
15003,2024-05-25,"sars-cov-2",15.8607941687557,"Very High"
15003,2024-06-01,"sars-cov-2",15.2338857678458,"Very High"
15003,2024-06-08,"sars-cov-2",17.1362056126864,"Very High"
15003,2024-06-15,"sars-cov-2",23.8971846031928,"Very High"
15003,2024-06-22,"sars-cov-2",29.1488204124646,"Very High"
15003,2024-06-29,"sars-cov-2",25.0424391774251,"Very High"
15003,2024-07-06,"sars-cov-2",13.8962600950895,"Very High"
15003,2024-07-13,"sars-cov-2",23.4466087875007,"Very High"
15003,2024-07-20,"sars-cov-2",14.8799674493421,"Very High"
15003,2024-07-27,"sars-cov-2",15.5383406665524,"Very High"
15003,2024-08-03,"sars-cov-2",13.5356040813123,"Very High"
15003,2024-08-10,"sars-cov-2",14.3782139883107,"Very High"
15003,2024-08-17,"sars-cov-2",11.2203381649775,"Very High"
15003,2024-08-24,"sars-cov-2",11.125221858268,"Very High"
15003,2024-08-31,"sars-cov-2",10.0284664587862,"Very High"
15003,2024-09-07,"sars-cov-2",7.64630673074312,"High"
15003,2024-09-14,"sars-cov-2",6.79927131644601,"High"
15003,2024-09-21,"sars-cov-2",5.52380014605685,"High"
15003,2024-09-28,"sars-cov-2",4.66187014542677,"Moderate"
15003,2024-10-05,"sars-cov-2",4.39016223781146,"Moderate"
15003,2024-10-12,"sars-cov-2",5.1857128693298,"Moderate"
15003,2024-10-19,"sars-cov-2",3.43159145897585,"Moderate"
15003,2024-10-26,"sars-cov-2",3.49389268094902,"Moderate"
15003,2024-11-02,"sars-cov-2",5.8838989137781,"High"
15003,2024-11-09,"sars-cov-2",2.79982202004154,"Low"
15003,2024-11-16,"sars-cov-2",3.26211861468123,"Low"
15003,2024-11-23,"sars-cov-2",1.69378421566499,"Very Low"
15003,2024-11-30,"sars-cov-2",2.92470394692942,"Low"
15003,2024-12-07,"sars-cov-2",2.52278351690642,"Low"
15003,2024-12-14,"sars-cov-2",3.83265094026256,"Moderate"
15003,2024-12-21,"sars-cov-2",3.68523170710459,"Moderate"
15003,2024-12-28,"sars-cov-2",5.02441672470486,"Moderate"
15003,2025-01-04,"sars-cov-2",4.64063342921797,"Moderate"
15003,2025-01-11,"sars-cov-2",4.33569362586409,"Moderate"
15003,2025-01-18,"sars-cov-2",5.11679680327889,"Moderate"
15003,2025-01-25,"sars-cov-2",4.21621387584072,"Moderate"
15003,2025-02-01,"sars-cov-2",3.2817518755285,"Low"
15003,2025-02-08,"sars-cov-2",3.26210846895061,"Low"
15003,2025-02-15,"sars-cov-2",4.69922074516982,"Moderate"
15003,2025-02-22,"sars-cov-2",3.53217552810084,"Moderate"
15003,2025-03-01,"sars-cov-2",3.13183946740903,"Low"
15003,2025-03-08,"sars-cov-2",4.82608531761657,"Moderate"
15003,2025-03-15,"sars-cov-2",5.1919402841574,"Moderate"
15003,2025-03-22,"sars-cov-2",4.17258681086814,"Moderate"
15003,2025-03-29,"sars-cov-2",3.44101329566702,"Moderate"
15003,2025-04-05,"sars-cov-2",4.04494678729022,"Moderate"
15003,2025-04-12,"sars-cov-2",4.86496641690567,"Moderate"
15003,2025-04-19,"sars-cov-2",7.66870317382231,"High"
15003,2025-04-26,"sars-cov-2",6.52964499631933,"High"
15003,2025-05-03,"sars-cov-2",7.3565146362878,"High"
15003,2025-05-10,"sars-cov-2",8.15527298635831,"Very High"
15003,2025-05-17,"sars-cov-2",8.74883583183848,"Very High"
15003,2025-05-24,"sars-cov-2",8.40987440499078,"Very High"
15003,2025-05-31,"sars-cov-2",7.98952881489578,"Very High"
15003,2025-06-07,"sars-cov-2",9.12464784554668,"Very High"
15003,2025-06-14,"sars-cov-2",8.90016703811094,"Very High"
15003,2025-06-21,"sars-cov-2",10.0122532529998,"Very High"
15003,2025-06-28,"sars-cov-2",8.8022125196504,"Very High"
15003,2025-07-05,"sars-cov-2",10.1463994992634,"Very High"
15003,2025-07-12,"sars-cov-2",12.9812148849038,"Very High"
15003,2025-07-19,"sars-cov-2",11.1271287954139,"Very High"
15003,2025-07-26,"sars-cov-2",13.9825889630239,"Very High"
15003,2025-08-02,"sars-cov-2",14.1976977112553,"Very High"
15003,2025-08-09,"sars-cov-2",14.8743317442502,"Very High"
15003,2025-08-16,"sars-cov-2",18.7510935404926,"Very High"
15003,2025-08-23,"sars-cov-2",11.822383973151,"Very High"
15003,2025-08-30,"sars-cov-2",17.1010837091055,"Very High"
15003,2025-09-06,"sars-cov-2",13.7658815032732,"Very High"
15003,2025-09-13,"sars-cov-2",9.3805680276776,"Very High"
15003,2025-09-20,"sars-cov-2",5.59669926120602,"High"
15003,2025-09-27,"sars-cov-2",4.44324068944935,"Moderate"
15003,2025-10-04,"sars-cov-2",4.86404709173778,"Moderate"
15003,2025-10-11,"sars-cov-2",3.34564854297947,"Low"
15003,2025-10-18,"sars-cov-2",2.58272684115721,"Low"
15003,2025-10-25,"sars-cov-2",2.08383687094263,"Low"
15003,2025-11-01,"sars-cov-2",2.12049996243352,"Low"
15003,2025-11-08,"sars-cov-2",1.81361149889892,"Very Low"
15003,2025-11-15,"sars-cov-2",1.5289304852915,"Very Low"
15003,2025-11-22,"sars-cov-2",1.70588407505323,"Very Low"
15003,2025-11-29,"sars-cov-2",0.998867562055312,"Very Low"
15003,2025-12-06,"sars-cov-2",1,"Very Low"
15003,2025-12-13,"sars-cov-2",1.23709116788992,"Very Low"
15003,2025-12-20,"sars-cov-2",1,"Very Low"
15003,2025-12-27,"sars-cov-2",0.899021770738284,"Very Low"
15003,2026-01-03,"sars-cov-2",1.18496659411114,"Very Low"
15003,2026-01-10,"sars-cov-2",2.08878757252916,"Low"
15003,2026-01-17,"sars-cov-2",1.71323757925755,"Very Low"
15003,2026-01-24,"sars-cov-2",1.66774397969492,"Very Low"
15003,2026-01-31,"sars-cov-2",2.01868078603842,"Low"
15003,2026-02-07,"sars-cov-2",1.42352915072774,"Very Low"
15003,2026-02-14,"sars-cov-2",1.72110215131232,"Very Low"
15003,2026-02-21,"sars-cov-2",2.3207392984727,"Low"
15003,2026-02-28,"sars-cov-2",1,"Very Low"
15003,2026-03-07,"sars-cov-2",0.770765706895926,"Very Low"
15003,2026-03-14,"sars-cov-2",1,"Very Low"
15003,2026-03-21,"sars-cov-2",0.985336511251794,"Very Low"
15003,2026-03-28,"sars-cov-2",1,"Very Low"
15003,2026-04-04,"sars-cov-2",1.41363369432719,"Very Low"
15003,2026-04-11,"sars-cov-2",1,"Very Low"
15003,2026-04-18,"sars-cov-2",0.960140972827154,"Very Low"
15007,2022-05-07,"sars-cov-2",10.4436902696767,"Very High"
15007,2022-05-14,"sars-cov-2",9.40501881556199,"Very High"
15007,2022-05-21,"sars-cov-2",6.05955647695394,"High"
15007,2022-05-28,"sars-cov-2",13.7599462694456,"Very High"
15007,2022-06-04,"sars-cov-2",6.89292592875175,"High"
15007,2022-06-11,"sars-cov-2",15.5059167560227,"Very High"
15007,2022-06-18,"sars-cov-2",11.8918050574344,"Very High"
15007,2022-06-25,"sars-cov-2",7.62659297814314,"High"
15007,2022-07-02,"sars-cov-2",8.04837168595534,"Very High"
15007,2022-07-09,"sars-cov-2",6.33326527720096,"High"
15007,2022-07-16,"sars-cov-2",11.7895057171219,"Very High"
15007,2022-07-23,"sars-cov-2",8.58712943945747,"Very High"
15007,2022-07-30,"sars-cov-2",6.87551619594299,"High"
15007,2022-08-06,"sars-cov-2",5.59615297548966,"High"
15007,2022-08-13,"sars-cov-2",7.07600975358582,"High"
15007,2022-08-20,"sars-cov-2",7.76323678360179,"High"
15007,2022-08-27,"sars-cov-2",4.96702280035594,"Moderate"
15007,2022-09-03,"sars-cov-2",7.12946557031831,"High"
15007,2022-09-10,"sars-cov-2",2.94713401167231,"Low"
15007,2022-09-17,"sars-cov-2",3.77106546002795,"Moderate"
15007,2022-10-01,"sars-cov-2",1.52689137097933,"Very Low"
15007,2022-10-08,"sars-cov-2",2.43642402958813,"Low"
15007,2022-10-15,"sars-cov-2",5.16309784129687,"Moderate"
15007,2022-10-22,"sars-cov-2",6.0677656765951,"High"
15007,2022-10-29,"sars-cov-2",3.81342548808883,"Moderate"
15007,2022-11-05,"sars-cov-2",3.83051688066833,"Moderate"
15007,2022-11-12,"sars-cov-2",4.80154442444528,"Moderate"
15007,2022-11-19,"sars-cov-2",2.26799335125828,"Low"
15007,2022-11-26,"sars-cov-2",2.36591101031504,"Low"
15007,2022-12-03,"sars-cov-2",8.58676072665011,"Very High"
15007,2022-12-10,"sars-cov-2",4.21986164855855,"Moderate"
15007,2022-12-17,"sars-cov-2",5.0635158112222,"Moderate"
15007,2022-12-24,"sars-cov-2",4.02817375949722,"Moderate"
15007,2023-01-07,"sars-cov-2",1.45142116332229,"Very Low"
15007,2023-01-14,"sars-cov-2",4.48168575774669,"Moderate"
15007,2023-01-21,"sars-cov-2",0.710241317138051,"Very Low"
15007,2023-01-28,"sars-cov-2",0.226561413717191,"Very Low"
15007,2023-02-04,"sars-cov-2",3.88068547380948,"Moderate"
15007,2023-02-11,"sars-cov-2",3.90385127856754,"Moderate"
15007,2023-02-18,"sars-cov-2",2.59189835339236,"Low"
15007,2023-02-25,"sars-cov-2",2.50073168251888,"Low"
15007,2023-03-04,"sars-cov-2",0.727434715223928,"Very Low"
15007,2023-03-11,"sars-cov-2",1.8566220264782,"Very Low"
15007,2023-03-18,"sars-cov-2",1.94580960796869,"Very Low"
15007,2023-03-25,"sars-cov-2",2.3651296437715,"Low"
15007,2023-04-01,"sars-cov-2",2.51237071063149,"Low"
15007,2023-04-08,"sars-cov-2",3.05826315199229,"Low"
15007,2023-04-15,"sars-cov-2",1.69650150048035,"Very Low"
15007,2023-04-22,"sars-cov-2",9.18816310107718,"Very High"
15007,2023-04-29,"sars-cov-2",4.27717800160338,"Moderate"
15007,2023-05-06,"sars-cov-2",2.7986122834154,"Low"
15007,2023-05-13,"sars-cov-2",1.09392086832116,"Very Low"
15007,2023-05-20,"sars-cov-2",1.09533864838291,"Very Low"
15007,2023-05-27,"sars-cov-2",1.24705788277355,"Very Low"
15007,2023-06-03,"sars-cov-2",2.80485991393143,"Low"
15007,2023-06-10,"sars-cov-2",2.19203212178293,"Low"
15007,2023-06-17,"sars-cov-2",1.44424345191872,"Very Low"
15009,2022-06-11,"sars-cov-2",14.6874520674224,"Very High"
15009,2022-06-18,"sars-cov-2",12.7627153106399,"Very High"
15009,2022-06-25,"sars-cov-2",20.5011615285209,"Very High"
15009,2022-07-02,"sars-cov-2",15.2773154744786,"Very High"
15009,2022-07-09,"sars-cov-2",11.4342045242228,"Very High"
15009,2022-07-16,"sars-cov-2",15.4385622322812,"Very High"
15009,2022-07-23,"sars-cov-2",13.0120972567945,"Very High"
15009,2022-07-30,"sars-cov-2",8.47441052955757,"Very High"
15009,2022-08-06,"sars-cov-2",5.1603267591208,"Moderate"
15009,2022-08-13,"sars-cov-2",4.88050553193463,"Moderate"
15009,2022-08-20,"sars-cov-2",3.83826360884788,"Moderate"
15009,2022-08-27,"sars-cov-2",3.3875280260754,"Low"
15009,2022-09-03,"sars-cov-2",2.41398758200733,"Low"
15009,2022-09-10,"sars-cov-2",3.20060050516985,"Low"
15009,2022-09-17,"sars-cov-2",2.01000571548362,"Low"
15009,2022-10-01,"sars-cov-2",1.83490187395887,"Very Low"
15009,2022-10-08,"sars-cov-2",1.03856079181517,"Very Low"
15009,2022-10-15,"sars-cov-2",2.61992904188026,"Low"
15009,2022-10-22,"sars-cov-2",2.72477053623305,"Low"
15009,2022-10-29,"sars-cov-2",3.3748781460801,"Low"
15009,2022-11-05,"sars-cov-2",1.6350041488918,"Very Low"
15009,2022-11-12,"sars-cov-2",2.11743018159218,"Low"
15009,2022-11-19,"sars-cov-2",3.17021128202542,"Low"
15009,2022-11-26,"sars-cov-2",1.47889966919656,"Very Low"
15009,2022-12-03,"sars-cov-2",2.42499964714892,"Low"
15009,2022-12-10,"sars-cov-2",4.24932770510192,"Moderate"
15009,2022-12-17,"sars-cov-2",4.459844734418,"Moderate"
15009,2022-12-24,"sars-cov-2",1.35292467993963,"Very Low"
15009,2022-12-31,"sars-cov-2",5.26822687335175,"Moderate"
15009,2023-01-07,"sars-cov-2",4.6484953526074,"Moderate"
15009,2023-01-14,"sars-cov-2",5.85487581708582,"High"
15009,2023-01-21,"sars-cov-2",1.78396044615562,"Very Low"
15009,2023-01-28,"sars-cov-2",1.89443777310202,"Very Low"
15009,2023-02-04,"sars-cov-2",2.73682715737492,"Low"
15009,2023-02-11,"sars-cov-2",1.56074558499857,"Very Low"
15009,2023-02-18,"sars-cov-2",1.24314050519568,"Very Low"
15009,2023-02-25,"sars-cov-2",0.873507506615302,"Very Low"
15009,2023-03-04,"sars-cov-2",1.41200177215695,"Very Low"
15009,2023-03-11,"sars-cov-2",1.94275526902728,"Very Low"
15009,2023-03-18,"sars-cov-2",0.642278564038211,"Very Low"
15009,2023-03-25,"sars-cov-2",1.85588622344156,"Very Low"
15009,2023-04-01,"sars-cov-2",1.81544844862228,"Very Low"
15009,2023-04-08,"sars-cov-2",1.52619692229396,"Very Low"
15009,2023-04-15,"sars-cov-2",0.770276623469591,"Very Low"
15009,2023-04-22,"sars-cov-2",3.23472771786546,"Low"
15009,2023-04-29,"sars-cov-2",1.16402892179196,"Very Low"
15009,2023-05-06,"sars-cov-2",1.06823483605161,"Very Low"
15009,2023-05-13,"sars-cov-2",0.812833427133089,"Very Low"
15009,2023-05-20,"sars-cov-2",0.973542842182523,"Very Low"
15009,2023-05-27,"sars-cov-2",1.80342883158238,"Very Low"
15009,2023-06-03,"sars-cov-2",1.9660829419971,"Very Low"
15009,2023-06-10,"sars-cov-2",0.804619897071416,"Very Low"
15009,2023-06-17,"sars-cov-2",0.612418014165972,"Very Low"
15009,2023-06-24,"sars-cov-2",0.832734303459218,"Very Low"
15009,2024-03-02,"sars-cov-2",6.34950692565812,"High"
15009,2024-03-09,"sars-cov-2",7.46836530024544,"High"
15009,2024-03-16,"sars-cov-2",4.1636098604866,"Moderate"
15009,2024-03-23,"sars-cov-2",4.22915166347587,"Moderate"
15009,2024-03-30,"sars-cov-2",5.26060638027813,"Moderate"
15009,2024-04-06,"sars-cov-2",6.63250012881277,"High"
15009,2024-04-13,"sars-cov-2",5.29565405258284,"Moderate"
15009,2024-04-20,"sars-cov-2",1.986539191347,"Very Low"
15009,2024-04-27,"sars-cov-2",4.65870841504055,"Moderate"
15009,2024-05-04,"sars-cov-2",2.83675170103859,"Low"
15009,2024-05-11,"sars-cov-2",3.7202273234786,"Moderate"
15009,2024-05-18,"sars-cov-2",5.68452494025883,"High"
15009,2024-05-25,"sars-cov-2",10.5181961620287,"Very High"
15009,2024-06-01,"sars-cov-2",10.3775290670824,"Very High"
15009,2024-06-08,"sars-cov-2",6.53076792418836,"High"
15009,2024-06-15,"sars-cov-2",20.7555571274726,"Very High"
15009,2024-06-22,"sars-cov-2",16.6170487807119,"Very High"
15009,2024-06-29,"sars-cov-2",17.8561714057645,"Very High"
15009,2024-07-06,"sars-cov-2",18.4747159710219,"Very High"
15009,2024-07-13,"sars-cov-2",24.0276686972025,"Very High"
15009,2024-07-20,"sars-cov-2",17.1550857994664,"Very High"
15009,2024-07-27,"sars-cov-2",18.6804771743283,"Very High"
15009,2024-08-03,"sars-cov-2",16.3821819869854,"Very High"
15009,2024-08-10,"sars-cov-2",17.4485123960662,"Very High"
15009,2024-08-17,"sars-cov-2",14.7254876389249,"Very High"
15009,2024-08-24,"sars-cov-2",16.6084156525349,"Very High"
15009,2024-08-31,"sars-cov-2",11.6291230808423,"Very High"
15009,2024-09-07,"sars-cov-2",6.39661630719752,"High"
15009,2024-09-14,"sars-cov-2",6.61919412155826,"High"
15009,2024-09-21,"sars-cov-2",7.23884035014418,"High"
15009,2024-09-28,"sars-cov-2",5.54552830760738,"High"
15009,2024-10-05,"sars-cov-2",5.07178132222965,"Moderate"
15009,2024-10-12,"sars-cov-2",4.76110880592853,"Moderate"
15009,2024-10-19,"sars-cov-2",6.51154744955836,"High"
15009,2024-10-26,"sars-cov-2",3.01661306598103,"Low"
15009,2024-11-02,"sars-cov-2",2.2808146031025,"Low"
15009,2024-11-09,"sars-cov-2",3.4662656721548,"Moderate"
15009,2024-11-16,"sars-cov-2",3.61905381990305,"Moderate"
15009,2024-11-23,"sars-cov-2",2.05284991418218,"Low"
15009,2024-11-30,"sars-cov-2",2.61853513152286,"Low"
15009,2024-12-07,"sars-cov-2",2.71624250349768,"Low"
15009,2024-12-14,"sars-cov-2",3.22287964966464,"Low"
15009,2024-12-21,"sars-cov-2",3.6995703370864,"Moderate"
15009,2024-12-28,"sars-cov-2",5.48338168131741,"High"
15009,2025-01-04,"sars-cov-2",5.83626180776202,"High"
15009,2025-01-11,"sars-cov-2",3.48550588358083,"Moderate"
15009,2025-01-18,"sars-cov-2",2.83909590205762,"Low"
15009,2025-01-25,"sars-cov-2",3.50334504118647,"Moderate"
15009,2025-02-01,"sars-cov-2",2.5029730134628,"Low"
15009,2025-02-08,"sars-cov-2",2.64174685405939,"Low"
15009,2025-02-15,"sars-cov-2",3.38050912603262,"Low"
15009,2025-02-22,"sars-cov-2",4.24402201495437,"Moderate"
15009,2025-03-01,"sars-cov-2",3.61796970109748,"Moderate"
15009,2025-03-08,"sars-cov-2",4.16316867171006,"Moderate"
15009,2025-03-15,"sars-cov-2",1.95786482749842,"Very Low"
15009,2025-03-22,"sars-cov-2",1.72544800400186,"Very Low"
15009,2025-03-29,"sars-cov-2",3.10644350856341,"Low"
15009,2025-04-05,"sars-cov-2",3.46455201861114,"Moderate"
15009,2025-04-12,"sars-cov-2",3.60868078311994,"Moderate"
15009,2025-04-19,"sars-cov-2",2.81257828173895,"Low"
15009,2025-04-26,"sars-cov-2",4.62610983722027,"Moderate"
15009,2025-05-03,"sars-cov-2",5.36982754581436,"High"
15009,2025-05-10,"sars-cov-2",4.36466456436655,"Moderate"
15009,2025-05-17,"sars-cov-2",4.56191263248417,"Moderate"
15009,2025-05-24,"sars-cov-2",4.07509247098298,"Moderate"
15009,2025-05-31,"sars-cov-2",4.96600407911939,"Moderate"
15009,2025-06-07,"sars-cov-2",4.71447906096899,"Moderate"
15009,2025-06-14,"sars-cov-2",5.47837489716721,"High"
15009,2025-06-21,"sars-cov-2",9.09339249850806,"Very High"
15009,2025-06-28,"sars-cov-2",9.06048529021631,"Very High"
15009,2025-07-05,"sars-cov-2",7.82454587549339,"Very High"
15009,2025-07-12,"sars-cov-2",6.13367549316952,"High"
15009,2025-07-19,"sars-cov-2",5.99709341061421,"High"
15009,2025-07-26,"sars-cov-2",9.97060391905472,"Very High"
15009,2025-08-02,"sars-cov-2",9.83663268413855,"Very High"
15009,2025-08-09,"sars-cov-2",9.89728556105585,"Very High"
15009,2025-08-16,"sars-cov-2",12.1564275883391,"Very High"
15009,2025-08-23,"sars-cov-2",9.34559082282096,"Very High"
15009,2025-08-30,"sars-cov-2",12.6507192632724,"Very High"
15009,2025-09-06,"sars-cov-2",9.1127829399505,"Very High"
15009,2025-09-13,"sars-cov-2",11.1682327271347,"Very High"
15009,2025-09-20,"sars-cov-2",6.35716076061353,"High"
15009,2025-09-27,"sars-cov-2",6.41670266650884,"High"
15009,2025-10-04,"sars-cov-2",4.39674902115136,"Moderate"
15009,2025-10-11,"sars-cov-2",4.05888494576764,"Moderate"
15009,2025-10-18,"sars-cov-2",2.28497624802959,"Low"
15009,2025-10-25,"sars-cov-2",2.76446415400294,"Low"
15009,2025-11-01,"sars-cov-2",2.43301670848718,"Low"
15009,2025-11-08,"sars-cov-2",0.908645169505852,"Very Low"
15009,2025-11-15,"sars-cov-2",1.38623043670839,"Very Low"
15009,2025-11-22,"sars-cov-2",0.881276519498689,"Very Low"
15009,2025-11-29,"sars-cov-2",0.985809743876257,"Very Low"
15009,2025-12-06,"sars-cov-2",1.27207232478708,"Very Low"
15009,2025-12-13,"sars-cov-2",0.712429022699643,"Very Low"
15009,2025-12-20,"sars-cov-2",0.690170972152474,"Very Low"
15009,2025-12-27,"sars-cov-2",0.957105766728925,"Very Low"
15009,2026-01-03,"sars-cov-2",1.9507343327043,"Very Low"
15009,2026-01-10,"sars-cov-2",2.00516848338918,"Low"
15009,2026-01-17,"sars-cov-2",1.68573039622833,"Very Low"
15009,2026-01-24,"sars-cov-2",1.59094986625498,"Very Low"
15009,2026-01-31,"sars-cov-2",1.16743118906722,"Very Low"
15009,2026-02-07,"sars-cov-2",1.45893695177392,"Very Low"
15009,2026-02-14,"sars-cov-2",2.3623052544557,"Low"
15009,2026-02-21,"sars-cov-2",1.81466295312721,"Very Low"
15009,2026-02-28,"sars-cov-2",1.22602837571392,"Very Low"
15009,2026-03-07,"sars-cov-2",1.60889066419978,"Very Low"
15009,2026-03-14,"sars-cov-2",0.942407036347209,"Very Low"
15009,2026-03-21,"sars-cov-2",0.510359360745668,"Very Low"
15009,2026-03-28,"sars-cov-2",0.684558250303929,"Very Low"
15009,2026-04-04,"sars-cov-2",0.882970049931066,"Very Low"
15009,2026-04-11,"sars-cov-2",0.91453073565056,"Very Low"
15009,2026-04-18,"sars-cov-2",1.12988136397,"Very Low"
